consensus,mec_count,provider_id,run_id,phase,value_ms,won_any,aggregation
clique,10,1,1,announce_wait,137,1,per_run
clique,10,1,1,bid_sending,9948,1,per_run
clique,10,1,1,winner_wait,9902,1,per_run
clique,10,1,1,confirm_all,10785,1,per_run
clique,10,1,10,announce_wait,119,0,per_run
clique,10,1,10,bid_sending,10096,0,per_run
clique,10,1,10,winner_wait,9801,0,per_run
clique,10,1,11,announce_wait,5141,1,per_run
clique,10,1,11,bid_sending,10074,1,per_run
clique,10,1,11,winner_wait,9797,1,per_run
clique,10,1,11,confirm_all,10824,1,per_run
clique,10,1,12,announce_wait,102,1,per_run
clique,10,1,12,bid_sending,10023,1,per_run
clique,10,1,12,winner_wait,9907,1,per_run
clique,10,1,12,confirm_all,10758,1,per_run
clique,10,1,13,announce_wait,105,1,per_run
clique,10,1,13,bid_sending,9967,1,per_run
clique,10,1,13,winner_wait,9909,1,per_run
clique,10,1,13,confirm_all,10755,1,per_run
clique,10,1,14,announce_wait,103,1,per_run
clique,10,1,14,bid_sending,9960,1,per_run
clique,10,1,14,winner_wait,9855,1,per_run
clique,10,1,14,confirm_all,10800,1,per_run
clique,10,1,15,announce_wait,4936,0,per_run
clique,10,1,15,bid_sending,10190,0,per_run
clique,10,1,15,winner_wait,9878,0,per_run
clique,10,1,16,announce_wait,90,1,per_run
clique,10,1,16,bid_sending,9968,1,per_run
clique,10,1,16,winner_wait,9857,1,per_run
clique,10,1,16,confirm_all,10850,1,per_run
clique,10,1,17,announce_wait,84,1,per_run
clique,10,1,17,bid_sending,9981,1,per_run
clique,10,1,17,winner_wait,9936,1,per_run
clique,10,1,17,confirm_all,10795,1,per_run
clique,10,1,18,announce_wait,129,1,per_run
clique,10,1,18,bid_sending,9963,1,per_run
clique,10,1,18,winner_wait,9884,1,per_run
clique,10,1,18,confirm_all,10733,1,per_run
clique,10,1,19,announce_wait,92,0,per_run
clique,10,1,19,bid_sending,10022,0,per_run
clique,10,1,19,winner_wait,9860,0,per_run
clique,10,1,2,announce_wait,103,0,per_run
clique,10,1,2,bid_sending,9990,0,per_run
clique,10,1,2,winner_wait,9910,0,per_run
clique,10,1,20,announce_wait,118,1,per_run
clique,10,1,20,bid_sending,9938,1,per_run
clique,10,1,20,winner_wait,9850,1,per_run
clique,10,1,20,confirm_all,10855,1,per_run
clique,10,1,3,announce_wait,133,1,per_run
clique,10,1,3,bid_sending,9962,1,per_run
clique,10,1,3,winner_wait,9800,1,per_run
clique,10,1,3,confirm_all,10745,1,per_run
clique,10,1,4,announce_wait,106,0,per_run
clique,10,1,4,bid_sending,9951,0,per_run
clique,10,1,4,winner_wait,9877,0,per_run
clique,10,1,5,announce_wait,4962,1,per_run
clique,10,1,5,bid_sending,10163,1,per_run
clique,10,1,5,winner_wait,9805,1,per_run
clique,10,1,5,confirm_all,10831,1,per_run
clique,10,1,6,announce_wait,130,1,per_run
clique,10,1,6,bid_sending,9995,1,per_run
clique,10,1,6,winner_wait,9841,1,per_run
clique,10,1,6,confirm_all,10770,1,per_run
clique,10,1,7,announce_wait,113,0,per_run
clique,10,1,7,bid_sending,10048,0,per_run
clique,10,1,7,winner_wait,9834,0,per_run
clique,10,1,8,announce_wait,119,1,per_run
clique,10,1,8,bid_sending,10004,1,per_run
clique,10,1,8,winner_wait,9811,1,per_run
clique,10,1,8,confirm_all,10786,1,per_run
clique,10,1,9,announce_wait,122,0,per_run
clique,10,1,9,bid_sending,9983,0,per_run
clique,10,1,9,winner_wait,9875,0,per_run
clique,10,2,1,announce_wait,111,0,per_run
clique,10,2,1,bid_sending,9981,0,per_run
clique,10,2,1,winner_wait,9897,0,per_run
clique,10,2,10,announce_wait,104,1,per_run
clique,10,2,10,bid_sending,10028,1,per_run
clique,10,2,10,winner_wait,9895,1,per_run
clique,10,2,10,confirm_all,10658,1,per_run
clique,10,2,11,announce_wait,5107,0,per_run
clique,10,2,11,bid_sending,10153,0,per_run
clique,10,2,11,winner_wait,9773,0,per_run
clique,10,2,12,announce_wait,105,0,per_run
clique,10,2,12,bid_sending,10086,0,per_run
clique,10,2,12,winner_wait,9833,0,per_run
clique,10,2,13,announce_wait,126,0,per_run
clique,10,2,13,bid_sending,9929,0,per_run
clique,10,2,13,winner_wait,9951,0,per_run
clique,10,2,14,announce_wait,103,0,per_run
clique,10,2,14,bid_sending,9944,0,per_run
clique,10,2,14,winner_wait,9903,0,per_run
clique,10,2,15,announce_wait,4927,1,per_run
clique,10,2,15,bid_sending,10157,1,per_run
clique,10,2,15,winner_wait,9956,1,per_run
clique,10,2,15,confirm_all,10763,1,per_run
clique,10,2,16,announce_wait,84,0,per_run
clique,10,2,16,bid_sending,10008,0,per_run
clique,10,2,16,winner_wait,9858,0,per_run
clique,10,2,17,announce_wait,90,0,per_run
clique,10,2,17,bid_sending,9957,0,per_run
clique,10,2,17,winner_wait,9861,0,per_run
clique,10,2,18,announce_wait,120,0,per_run
clique,10,2,18,bid_sending,9958,0,per_run
clique,10,2,18,winner_wait,9937,0,per_run
clique,10,2,19,announce_wait,80,1,per_run
clique,10,2,19,bid_sending,10000,1,per_run
clique,10,2,19,winner_wait,9878,1,per_run
clique,10,2,19,confirm_all,10800,1,per_run
clique,10,2,2,announce_wait,107,1,per_run
clique,10,2,2,bid_sending,10006,1,per_run
clique,10,2,2,winner_wait,9883,1,per_run
clique,10,2,2,confirm_all,10727,1,per_run
clique,10,2,20,announce_wait,116,0,per_run
clique,10,2,20,bid_sending,9926,0,per_run
clique,10,2,20,winner_wait,9864,0,per_run
clique,10,2,3,announce_wait,115,0,per_run
clique,10,2,3,bid_sending,9992,0,per_run
clique,10,2,3,winner_wait,9807,0,per_run
clique,10,2,4,announce_wait,95,1,per_run
clique,10,2,4,bid_sending,9997,1,per_run
clique,10,2,4,winner_wait,9864,1,per_run
clique,10,2,4,confirm_all,10763,1,per_run
clique,10,2,5,announce_wait,4980,0,per_run
clique,10,2,5,bid_sending,10153,0,per_run
clique,10,2,5,winner_wait,9929,0,per_run
clique,10,2,6,announce_wait,99,0,per_run
clique,10,2,6,bid_sending,10024,0,per_run
clique,10,2,6,winner_wait,9821,0,per_run
clique,10,2,7,announce_wait,88,1,per_run
clique,10,2,7,bid_sending,10032,1,per_run
clique,10,2,7,winner_wait,9884,1,per_run
clique,10,2,7,confirm_all,10721,1,per_run
clique,10,2,8,announce_wait,141,0,per_run
clique,10,2,8,bid_sending,10001,0,per_run
clique,10,2,8,winner_wait,9824,0,per_run
clique,10,2,9,announce_wait,117,1,per_run
clique,10,2,9,bid_sending,10024,1,per_run
clique,10,2,9,winner_wait,9863,1,per_run
clique,10,2,9,confirm_all,10817,1,per_run
clique,20,1,1,announce_wait,321,0,per_run
clique,20,1,1,bid_sending,2257,0,per_run
clique,20,1,1,winner_wait,7346,0,per_run
clique,20,1,10,announce_wait,186,0,per_run
clique,20,1,10,bid_sending,1769,0,per_run
clique,20,1,10,winner_wait,8228,0,per_run
clique,20,1,11,announce_wait,161,0,per_run
clique,20,1,11,bid_sending,1791,0,per_run
clique,20,1,11,winner_wait,8207,0,per_run
clique,20,1,12,announce_wait,228,1,per_run
clique,20,1,12,bid_sending,1778,1,per_run
clique,20,1,12,winner_wait,7685,1,per_run
clique,20,1,12,confirm_all,32987,1,per_run
clique,20,1,13,announce_wait,172,0,per_run
clique,20,1,13,bid_sending,1633,0,per_run
clique,20,1,13,winner_wait,8392,0,per_run
clique,20,1,14,announce_wait,5144,1,per_run
clique,20,1,14,bid_sending,1800,1,per_run
clique,20,1,14,winner_wait,8392,1,per_run
clique,20,1,14,confirm_all,32938,1,per_run
clique,20,1,15,announce_wait,180,0,per_run
clique,20,1,15,bid_sending,1648,0,per_run
clique,20,1,15,winner_wait,8233,0,per_run
clique,20,1,16,announce_wait,174,0,per_run
clique,20,1,16,bid_sending,1546,0,per_run
clique,20,1,16,winner_wait,8430,0,per_run
clique,20,1,17,announce_wait,4832,0,per_run
clique,20,1,17,bid_sending,1437,0,per_run
clique,20,1,17,winner_wait,8724,0,per_run
clique,20,1,18,announce_wait,167,1,per_run
clique,20,1,18,bid_sending,1731,1,per_run
clique,20,1,18,winner_wait,8326,1,per_run
clique,20,1,18,confirm_all,32457,1,per_run
clique,20,1,19,announce_wait,110,0,per_run
clique,20,1,19,bid_sending,1624,0,per_run
clique,20,1,19,winner_wait,8399,0,per_run
clique,20,1,2,announce_wait,226,0,per_run
clique,20,1,2,bid_sending,2177,0,per_run
clique,20,1,2,winner_wait,7852,0,per_run
clique,20,1,20,announce_wait,210,0,per_run
clique,20,1,20,bid_sending,1611,0,per_run
clique,20,1,20,winner_wait,8155,0,per_run
clique,20,1,3,announce_wait,238,1,per_run
clique,20,1,3,bid_sending,2080,1,per_run
clique,20,1,3,winner_wait,7802,1,per_run
clique,20,1,3,confirm_all,32690,1,per_run
clique,20,1,4,announce_wait,5008,0,per_run
clique,20,1,4,bid_sending,1713,0,per_run
clique,20,1,4,winner_wait,8500,0,per_run
clique,20,1,5,announce_wait,172,0,per_run
clique,20,1,5,bid_sending,1782,0,per_run
clique,20,1,5,winner_wait,8273,0,per_run
clique,20,1,6,announce_wait,238,1,per_run
clique,20,1,6,bid_sending,2080,1,per_run
clique,20,1,6,winner_wait,7802,1,per_run
clique,20,1,6,confirm_all,32690,1,per_run
clique,20,1,7,announce_wait,238,1,per_run
clique,20,1,7,bid_sending,2080,1,per_run
clique,20,1,7,winner_wait,7802,1,per_run
clique,20,1,7,confirm_all,32690,1,per_run
clique,20,1,8,announce_wait,238,1,per_run
clique,20,1,8,bid_sending,2080,1,per_run
clique,20,1,8,winner_wait,7802,1,per_run
clique,20,1,8,confirm_all,32690,1,per_run
clique,20,1,9,announce_wait,151,1,per_run
clique,20,1,9,bid_sending,1747,1,per_run
clique,20,1,9,winner_wait,8325,1,per_run
clique,20,1,9,confirm_all,32157,1,per_run
clique,20,2,1,announce_wait,399,1,per_run
clique,20,2,1,bid_sending,2511,1,per_run
clique,20,2,1,winner_wait,7131,1,per_run
clique,20,2,1,confirm_all,33075,1,per_run
clique,20,2,10,announce_wait,183,1,per_run
clique,20,2,10,bid_sending,1578,1,per_run
clique,20,2,10,winner_wait,8298,1,per_run
clique,20,2,10,confirm_all,33549,1,per_run
clique,20,2,11,announce_wait,167,0,per_run
clique,20,2,11,bid_sending,1608,0,per_run
clique,20,2,11,winner_wait,8455,0,per_run
clique,20,2,12,announce_wait,178,0,per_run
clique,20,2,12,bid_sending,1700,0,per_run
clique,20,2,12,winner_wait,7889,0,per_run
clique,20,2,13,announce_wait,186,0,per_run
clique,20,2,13,bid_sending,1637,0,per_run
clique,20,2,13,winner_wait,8363,0,per_run
clique,20,2,14,announce_wait,5189,0,per_run
clique,20,2,14,bid_sending,1716,0,per_run
clique,20,2,14,winner_wait,8426,0,per_run
clique,20,2,15,announce_wait,164,1,per_run
clique,20,2,15,bid_sending,1725,1,per_run
clique,20,2,15,winner_wait,8239,1,per_run
clique,20,2,15,confirm_all,33862,1,per_run
clique,20,2,16,announce_wait,178,1,per_run
clique,20,2,16,bid_sending,1542,1,per_run
clique,20,2,16,winner_wait,8365,1,per_run
clique,20,2,16,confirm_all,33890,1,per_run
clique,20,2,17,announce_wait,4829,0,per_run
clique,20,2,17,bid_sending,1494,0,per_run
clique,20,2,17,winner_wait,8688,0,per_run
clique,20,2,18,announce_wait,165,0,per_run
clique,20,2,18,bid_sending,1720,0,per_run
clique,20,2,18,winner_wait,8358,0,per_run
clique,20,2,19,announce_wait,185,0,per_run
clique,20,2,19,bid_sending,1612,0,per_run
clique,20,2,19,winner_wait,8506,0,per_run
clique,20,2,2,announce_wait,241,0,per_run
clique,20,2,2,bid_sending,2084,0,per_run
clique,20,2,2,winner_wait,7716,0,per_run
clique,20,2,20,announce_wait,207,1,per_run
clique,20,2,20,bid_sending,1669,1,per_run
clique,20,2,20,winner_wait,8249,1,per_run
clique,20,2,20,confirm_all,33462,1,per_run
clique,20,2,3,announce_wait,224,0,per_run
clique,20,2,3,bid_sending,1784,0,per_run
clique,20,2,3,winner_wait,8058,0,per_run
clique,20,2,4,announce_wait,4997,0,per_run
clique,20,2,4,bid_sending,1932,0,per_run
clique,20,2,4,winner_wait,8272,0,per_run
clique,20,2,5,announce_wait,194,1,per_run
clique,20,2,5,bid_sending,1788,1,per_run
clique,20,2,5,winner_wait,8234,1,per_run
clique,20,2,5,confirm_all,32780,1,per_run
clique,20,2,6,announce_wait,224,0,per_run
clique,20,2,6,bid_sending,1784,0,per_run
clique,20,2,6,winner_wait,8058,0,per_run
clique,20,2,7,announce_wait,224,0,per_run
clique,20,2,7,bid_sending,1784,0,per_run
clique,20,2,7,winner_wait,8058,0,per_run
clique,20,2,8,announce_wait,224,0,per_run
clique,20,2,8,bid_sending,1784,0,per_run
clique,20,2,8,winner_wait,8058,0,per_run
clique,20,2,9,announce_wait,157,0,per_run
clique,20,2,9,bid_sending,1705,0,per_run
clique,20,2,9,winner_wait,8284,0,per_run
clique,20,3,1,announce_wait,318,0,per_run
clique,20,3,1,bid_sending,2967,0,per_run
clique,20,3,1,winner_wait,6692,0,per_run
clique,20,3,10,announce_wait,169,0,per_run
clique,20,3,10,bid_sending,1565,0,per_run
clique,20,3,10,winner_wait,8423,0,per_run
clique,20,3,11,announce_wait,166,0,per_run
clique,20,3,11,bid_sending,1854,0,per_run
clique,20,3,11,winner_wait,8198,0,per_run
clique,20,3,12,announce_wait,165,0,per_run
clique,20,3,12,bid_sending,1550,0,per_run
clique,20,3,12,winner_wait,8006,0,per_run
clique,20,3,13,announce_wait,167,0,per_run
clique,20,3,13,bid_sending,1634,0,per_run
clique,20,3,13,winner_wait,8485,0,per_run
clique,20,3,14,announce_wait,5144,0,per_run
clique,20,3,14,bid_sending,1524,0,per_run
clique,20,3,14,winner_wait,8575,0,per_run
clique,20,3,15,announce_wait,167,0,per_run
clique,20,3,15,bid_sending,1731,0,per_run
clique,20,3,15,winner_wait,8330,0,per_run
clique,20,3,16,announce_wait,173,0,per_run
clique,20,3,16,bid_sending,1673,0,per_run
clique,20,3,16,winner_wait,8479,0,per_run
clique,20,3,17,announce_wait,4870,0,per_run
clique,20,3,17,bid_sending,1579,0,per_run
clique,20,3,17,winner_wait,8519,0,per_run
clique,20,3,18,announce_wait,164,0,per_run
clique,20,3,18,bid_sending,1604,0,per_run
clique,20,3,18,winner_wait,8264,0,per_run
clique,20,3,19,announce_wait,164,1,per_run
clique,20,3,19,bid_sending,1686,1,per_run
clique,20,3,19,winner_wait,8332,1,per_run
clique,20,3,19,confirm_all,33616,1,per_run
clique,20,3,2,announce_wait,245,1,per_run
clique,20,3,2,bid_sending,2066,1,per_run
clique,20,3,2,winner_wait,7936,1,per_run
clique,20,3,2,confirm_all,33525,1,per_run
clique,20,3,20,announce_wait,203,0,per_run
clique,20,3,20,bid_sending,1698,0,per_run
clique,20,3,20,winner_wait,8255,0,per_run
clique,20,3,3,announce_wait,183,0,per_run
clique,20,3,3,bid_sending,1811,0,per_run
clique,20,3,3,winner_wait,7921,0,per_run
clique,20,3,4,announce_wait,5006,1,per_run
clique,20,3,4,bid_sending,1770,1,per_run
clique,20,3,4,winner_wait,8483,1,per_run
clique,20,3,4,confirm_all,33415,1,per_run
clique,20,3,5,announce_wait,185,0,per_run
clique,20,3,5,bid_sending,1703,0,per_run
clique,20,3,5,winner_wait,8320,0,per_run
clique,20,3,6,announce_wait,183,0,per_run
clique,20,3,6,bid_sending,1811,0,per_run
clique,20,3,6,winner_wait,7921,0,per_run
clique,20,3,7,announce_wait,183,0,per_run
clique,20,3,7,bid_sending,1811,0,per_run
clique,20,3,7,winner_wait,7921,0,per_run
clique,20,3,8,announce_wait,183,0,per_run
clique,20,3,8,bid_sending,1811,0,per_run
clique,20,3,8,winner_wait,7921,0,per_run
clique,20,3,9,announce_wait,155,0,per_run
clique,20,3,9,bid_sending,1584,0,per_run
clique,20,3,9,winner_wait,8458,0,per_run
clique,20,4,1,announce_wait,284,0,per_run
clique,20,4,1,bid_sending,2490,0,per_run
clique,20,4,1,winner_wait,7106,0,per_run
clique,20,4,10,announce_wait,179,0,per_run
clique,20,4,10,bid_sending,1656,0,per_run
clique,20,4,10,winner_wait,8138,0,per_run
clique,20,4,11,announce_wait,173,1,per_run
clique,20,4,11,bid_sending,1707,1,per_run
clique,20,4,11,winner_wait,8273,1,per_run
clique,20,4,11,confirm_all,32042,1,per_run
clique,20,4,12,announce_wait,173,0,per_run
clique,20,4,12,bid_sending,1555,0,per_run
clique,20,4,12,winner_wait,8079,0,per_run
clique,20,4,13,announce_wait,177,1,per_run
clique,20,4,13,bid_sending,1724,1,per_run
clique,20,4,13,winner_wait,8276,1,per_run
clique,20,4,13,confirm_all,33569,1,per_run
clique,20,4,14,announce_wait,5150,0,per_run
clique,20,4,14,bid_sending,1610,0,per_run
clique,20,4,14,winner_wait,8513,0,per_run
clique,20,4,15,announce_wait,169,0,per_run
clique,20,4,15,bid_sending,1532,0,per_run
clique,20,4,15,winner_wait,8356,0,per_run
clique,20,4,16,announce_wait,166,0,per_run
clique,20,4,16,bid_sending,1452,0,per_run
clique,20,4,16,winner_wait,8655,0,per_run
clique,20,4,17,announce_wait,4900,1,per_run
clique,20,4,17,bid_sending,1599,1,per_run
clique,20,4,17,winner_wait,8498,1,per_run
clique,20,4,17,confirm_all,32556,1,per_run
clique,20,4,18,announce_wait,141,0,per_run
clique,20,4,18,bid_sending,1520,0,per_run
clique,20,4,18,winner_wait,8556,0,per_run
clique,20,4,19,announce_wait,144,0,per_run
clique,20,4,19,bid_sending,1426,0,per_run
clique,20,4,19,winner_wait,8566,0,per_run
clique,20,4,2,announce_wait,214,0,per_run
clique,20,4,2,bid_sending,2014,0,per_run
clique,20,4,2,winner_wait,7871,0,per_run
clique,20,4,20,announce_wait,182,0,per_run
clique,20,4,20,bid_sending,1442,0,per_run
clique,20,4,20,winner_wait,8507,0,per_run
clique,20,4,3,announce_wait,174,0,per_run
clique,20,4,3,bid_sending,1927,0,per_run
clique,20,4,3,winner_wait,7822,0,per_run
clique,20,4,4,announce_wait,4988,0,per_run
clique,20,4,4,bid_sending,1818,0,per_run
clique,20,4,4,winner_wait,8160,0,per_run
clique,20,4,5,announce_wait,173,0,per_run
clique,20,4,5,bid_sending,1771,0,per_run
clique,20,4,5,winner_wait,8491,0,per_run
clique,20,4,6,announce_wait,174,0,per_run
clique,20,4,6,bid_sending,1927,0,per_run
clique,20,4,6,winner_wait,7822,0,per_run
clique,20,4,7,announce_wait,174,0,per_run
clique,20,4,7,bid_sending,1927,0,per_run
clique,20,4,7,winner_wait,7822,0,per_run
clique,20,4,8,announce_wait,174,0,per_run
clique,20,4,8,bid_sending,1927,0,per_run
clique,20,4,8,winner_wait,7822,0,per_run
clique,20,4,9,announce_wait,185,0,per_run
clique,20,4,9,bid_sending,1738,0,per_run
clique,20,4,9,winner_wait,8188,0,per_run
clique,30,1,1,announce_wait,354,0,per_run
clique,30,1,1,bid_sending,3108,0,per_run
clique,30,1,1,winner_wait,6747,0,per_run
clique,30,1,10,announce_wait,371,1,per_run
clique,30,1,10,bid_sending,2937,1,per_run
clique,30,1,10,winner_wait,7121,1,per_run
clique,30,1,10,confirm_all,20336,1,per_run
clique,30,1,11,announce_wait,290,0,per_run
clique,30,1,11,bid_sending,2722,0,per_run
clique,30,1,11,winner_wait,7454,0,per_run
clique,30,1,12,announce_wait,369,0,per_run
clique,30,1,12,bid_sending,3085,0,per_run
clique,30,1,12,winner_wait,6855,0,per_run
clique,30,1,13,announce_wait,272,0,per_run
clique,30,1,13,bid_sending,2909,0,per_run
clique,30,1,13,winner_wait,7343,0,per_run
clique,30,1,14,announce_wait,386,0,per_run
clique,30,1,14,bid_sending,2969,0,per_run
clique,30,1,14,winner_wait,6874,0,per_run
clique,30,1,15,announce_wait,313,0,per_run
clique,30,1,15,bid_sending,3119,0,per_run
clique,30,1,15,winner_wait,7243,0,per_run
clique,30,1,16,announce_wait,372,0,per_run
clique,30,1,16,bid_sending,3059,0,per_run
clique,30,1,16,winner_wait,6996,0,per_run
clique,30,1,17,announce_wait,397,1,per_run
clique,30,1,17,bid_sending,3148,1,per_run
clique,30,1,17,winner_wait,6772,1,per_run
clique,30,1,17,confirm_all,21633,1,per_run
clique,30,1,18,announce_wait,355,0,per_run
clique,30,1,18,bid_sending,3088,0,per_run
clique,30,1,18,winner_wait,7048,0,per_run
clique,30,1,19,announce_wait,361,0,per_run
clique,30,1,19,bid_sending,2777,0,per_run
clique,30,1,19,winner_wait,6610,0,per_run
clique,30,1,2,announce_wait,375,0,per_run
clique,30,1,2,bid_sending,3139,0,per_run
clique,30,1,2,winner_wait,7154,0,per_run
clique,30,1,20,announce_wait,316,0,per_run
clique,30,1,20,bid_sending,3014,0,per_run
clique,30,1,20,winner_wait,7099,0,per_run
clique,30,1,3,announce_wait,360,0,per_run
clique,30,1,3,bid_sending,3392,0,per_run
clique,30,1,3,winner_wait,6609,0,per_run
clique,30,1,4,announce_wait,349,0,per_run
clique,30,1,4,bid_sending,3348,0,per_run
clique,30,1,4,winner_wait,7137,0,per_run
clique,30,1,5,announce_wait,375,0,per_run
clique,30,1,5,bid_sending,3139,0,per_run
clique,30,1,5,winner_wait,7154,0,per_run
clique,30,1,6,announce_wait,323,0,per_run
clique,30,1,6,bid_sending,3335,0,per_run
clique,30,1,6,winner_wait,6861,0,per_run
clique,30,1,7,announce_wait,324,0,per_run
clique,30,1,7,bid_sending,3083,0,per_run
clique,30,1,7,winner_wait,7091,0,per_run
clique,30,1,8,announce_wait,332,1,per_run
clique,30,1,8,bid_sending,3144,1,per_run
clique,30,1,8,winner_wait,7159,1,per_run
clique,30,1,8,confirm_all,21397,1,per_run
clique,30,1,9,announce_wait,312,0,per_run
clique,30,1,9,bid_sending,2776,0,per_run
clique,30,1,9,winner_wait,9743,0,per_run
clique,30,2,1,announce_wait,268,0,per_run
clique,30,2,1,bid_sending,2966,0,per_run
clique,30,2,1,winner_wait,7032,0,per_run
clique,30,2,10,announce_wait,296,0,per_run
clique,30,2,10,bid_sending,2910,0,per_run
clique,30,2,10,winner_wait,7239,0,per_run
clique,30,2,11,announce_wait,306,0,per_run
clique,30,2,11,bid_sending,2684,0,per_run
clique,30,2,11,winner_wait,7577,0,per_run
clique,30,2,12,announce_wait,271,0,per_run
clique,30,2,12,bid_sending,2978,0,per_run
clique,30,2,12,winner_wait,6924,0,per_run
clique,30,2,13,announce_wait,354,0,per_run
clique,30,2,13,bid_sending,2852,0,per_run
clique,30,2,13,winner_wait,7236,0,per_run
clique,30,2,14,announce_wait,307,0,per_run
clique,30,2,14,bid_sending,2894,0,per_run
clique,30,2,14,winner_wait,6890,0,per_run
clique,30,2,15,announce_wait,284,1,per_run
clique,30,2,15,bid_sending,3023,1,per_run
clique,30,2,15,winner_wait,7070,1,per_run
clique,30,2,15,confirm_all,19709,1,per_run
clique,30,2,16,announce_wait,307,0,per_run
clique,30,2,16,bid_sending,2905,0,per_run
clique,30,2,16,winner_wait,7324,0,per_run
clique,30,2,17,announce_wait,281,0,per_run
clique,30,2,17,bid_sending,3025,0,per_run
clique,30,2,17,winner_wait,7124,0,per_run
clique,30,2,18,announce_wait,260,0,per_run
clique,30,2,18,bid_sending,2982,0,per_run
clique,30,2,18,winner_wait,7152,0,per_run
clique,30,2,19,announce_wait,300,0,per_run
clique,30,2,19,bid_sending,2944,0,per_run
clique,30,2,19,winner_wait,6514,0,per_run
clique,30,2,2,announce_wait,357,0,per_run
clique,30,2,2,bid_sending,2876,0,per_run
clique,30,2,2,winner_wait,7247,0,per_run
clique,30,2,20,announce_wait,408,1,per_run
clique,30,2,20,bid_sending,3168,1,per_run
clique,30,2,20,winner_wait,6762,1,per_run
clique,30,2,20,confirm_all,20219,1,per_run
clique,30,2,3,announce_wait,292,0,per_run
clique,30,2,3,bid_sending,3199,0,per_run
clique,30,2,3,winner_wait,6611,0,per_run
clique,30,2,4,announce_wait,353,0,per_run
clique,30,2,4,bid_sending,2967,0,per_run
clique,30,2,4,winner_wait,7330,0,per_run
clique,30,2,5,announce_wait,357,0,per_run
clique,30,2,5,bid_sending,2876,0,per_run
clique,30,2,5,winner_wait,7247,0,per_run
clique,30,2,6,announce_wait,355,0,per_run
clique,30,2,6,bid_sending,3361,0,per_run
clique,30,2,6,winner_wait,6643,0,per_run
clique,30,2,7,announce_wait,313,0,per_run
clique,30,2,7,bid_sending,3000,0,per_run
clique,30,2,7,winner_wait,6957,0,per_run
clique,30,2,8,announce_wait,294,0,per_run
clique,30,2,8,bid_sending,3396,0,per_run
clique,30,2,8,winner_wait,6769,0,per_run
clique,30,2,9,announce_wait,324,0,per_run
clique,30,2,9,bid_sending,3082,0,per_run
clique,30,2,9,winner_wait,9296,0,per_run
clique,30,3,1,announce_wait,410,0,per_run
clique,30,3,1,bid_sending,3013,0,per_run
clique,30,3,1,winner_wait,7009,0,per_run
clique,30,3,10,announce_wait,298,0,per_run
clique,30,3,10,bid_sending,3096,0,per_run
clique,30,3,10,winner_wait,7188,0,per_run
clique,30,3,11,announce_wait,439,1,per_run
clique,30,3,11,bid_sending,2787,1,per_run
clique,30,3,11,winner_wait,7040,1,per_run
clique,30,3,11,confirm_all,19289,1,per_run
clique,30,3,12,announce_wait,395,1,per_run
clique,30,3,12,bid_sending,3342,1,per_run
clique,30,3,12,winner_wait,6702,1,per_run
clique,30,3,12,confirm_all,19943,1,per_run
clique,30,3,13,announce_wait,362,0,per_run
clique,30,3,13,bid_sending,2991,0,per_run
clique,30,3,13,winner_wait,6932,0,per_run
clique,30,3,14,announce_wait,342,0,per_run
clique,30,3,14,bid_sending,3175,0,per_run
clique,30,3,14,winner_wait,6695,0,per_run
clique,30,3,15,announce_wait,293,0,per_run
clique,30,3,15,bid_sending,3399,0,per_run
clique,30,3,15,winner_wait,6600,0,per_run
clique,30,3,16,announce_wait,309,0,per_run
clique,30,3,16,bid_sending,3171,0,per_run
clique,30,3,16,winner_wait,6989,0,per_run
clique,30,3,17,announce_wait,299,0,per_run
clique,30,3,17,bid_sending,3179,0,per_run
clique,30,3,17,winner_wait,7060,0,per_run
clique,30,3,18,announce_wait,363,0,per_run
clique,30,3,18,bid_sending,2909,0,per_run
clique,30,3,18,winner_wait,7140,0,per_run
clique,30,3,19,announce_wait,338,0,per_run
clique,30,3,19,bid_sending,2991,0,per_run
clique,30,3,19,winner_wait,6409,0,per_run
clique,30,3,2,announce_wait,374,0,per_run
clique,30,3,2,bid_sending,3100,0,per_run
clique,30,3,2,winner_wait,6924,0,per_run
clique,30,3,20,announce_wait,303,0,per_run
clique,30,3,20,bid_sending,3024,0,per_run
clique,30,3,20,winner_wait,6823,0,per_run
clique,30,3,3,announce_wait,341,0,per_run
clique,30,3,3,bid_sending,2972,0,per_run
clique,30,3,3,winner_wait,7104,0,per_run
clique,30,3,4,announce_wait,276,0,per_run
clique,30,3,4,bid_sending,2871,0,per_run
clique,30,3,4,winner_wait,7463,0,per_run
clique,30,3,5,announce_wait,374,0,per_run
clique,30,3,5,bid_sending,3100,0,per_run
clique,30,3,5,winner_wait,6924,0,per_run
clique,30,3,6,announce_wait,340,0,per_run
clique,30,3,6,bid_sending,3146,0,per_run
clique,30,3,6,winner_wait,7162,0,per_run
clique,30,3,7,announce_wait,293,0,per_run
clique,30,3,7,bid_sending,3012,0,per_run
clique,30,3,7,winner_wait,7153,0,per_run
clique,30,3,8,announce_wait,280,0,per_run
clique,30,3,8,bid_sending,3087,0,per_run
clique,30,3,8,winner_wait,7380,0,per_run
clique,30,3,9,announce_wait,307,0,per_run
clique,30,3,9,bid_sending,2933,0,per_run
clique,30,3,9,winner_wait,9698,0,per_run
clique,30,4,1,announce_wait,372,0,per_run
clique,30,4,1,bid_sending,3121,0,per_run
clique,30,4,1,winner_wait,6750,0,per_run
clique,30,4,10,announce_wait,312,0,per_run
clique,30,4,10,bid_sending,2958,0,per_run
clique,30,4,10,winner_wait,7068,0,per_run
clique,30,4,11,announce_wait,282,0,per_run
clique,30,4,11,bid_sending,2807,0,per_run
clique,30,4,11,winner_wait,7341,0,per_run
clique,30,4,12,announce_wait,337,0,per_run
clique,30,4,12,bid_sending,2953,0,per_run
clique,30,4,12,winner_wait,6879,0,per_run
clique,30,4,13,announce_wait,329,0,per_run
clique,30,4,13,bid_sending,2980,0,per_run
clique,30,4,13,winner_wait,7125,0,per_run
clique,30,4,14,announce_wait,416,1,per_run
clique,30,4,14,bid_sending,2982,1,per_run
clique,30,4,14,winner_wait,6893,1,per_run
clique,30,4,14,confirm_all,20922,1,per_run
clique,30,4,15,announce_wait,323,0,per_run
clique,30,4,15,bid_sending,3096,0,per_run
clique,30,4,15,winner_wait,7046,0,per_run
clique,30,4,16,announce_wait,288,0,per_run
clique,30,4,16,bid_sending,2905,0,per_run
clique,30,4,16,winner_wait,7283,0,per_run
clique,30,4,17,announce_wait,276,0,per_run
clique,30,4,17,bid_sending,2995,0,per_run
clique,30,4,17,winner_wait,7258,0,per_run
clique,30,4,18,announce_wait,330,0,per_run
clique,30,4,18,bid_sending,2807,0,per_run
clique,30,4,18,winner_wait,7148,0,per_run
clique,30,4,19,announce_wait,290,0,per_run
clique,30,4,19,bid_sending,2710,0,per_run
clique,30,4,19,winner_wait,6767,0,per_run
clique,30,4,2,announce_wait,373,1,per_run
clique,30,4,2,bid_sending,3214,1,per_run
clique,30,4,2,winner_wait,7029,1,per_run
clique,30,4,2,confirm_all,21870,1,per_run
clique,30,4,20,announce_wait,285,0,per_run
clique,30,4,20,bid_sending,2769,0,per_run
clique,30,4,20,winner_wait,7235,0,per_run
clique,30,4,3,announce_wait,361,0,per_run
clique,30,4,3,bid_sending,3519,0,per_run
clique,30,4,3,winner_wait,6766,0,per_run
clique,30,4,4,announce_wait,388,1,per_run
clique,30,4,4,bid_sending,3510,1,per_run
clique,30,4,4,winner_wait,6851,1,per_run
clique,30,4,4,confirm_all,22216,1,per_run
clique,30,4,5,announce_wait,373,1,per_run
clique,30,4,5,bid_sending,3214,1,per_run
clique,30,4,5,winner_wait,7029,1,per_run
clique,30,4,5,confirm_all,21870,1,per_run
clique,30,4,6,announce_wait,364,1,per_run
clique,30,4,6,bid_sending,3095,1,per_run
clique,30,4,6,winner_wait,7109,1,per_run
clique,30,4,6,confirm_all,21893,1,per_run
clique,30,4,7,announce_wait,305,0,per_run
clique,30,4,7,bid_sending,3118,0,per_run
clique,30,4,7,winner_wait,6917,0,per_run
clique,30,4,8,announce_wait,338,0,per_run
clique,30,4,8,bid_sending,3192,0,per_run
clique,30,4,8,winner_wait,6920,0,per_run
clique,30,4,9,announce_wait,348,0,per_run
clique,30,4,9,bid_sending,3004,0,per_run
clique,30,4,9,winner_wait,9536,0,per_run
clique,30,5,1,announce_wait,303,1,per_run
clique,30,5,1,bid_sending,2965,1,per_run
clique,30,5,1,winner_wait,6738,1,per_run
clique,30,5,1,confirm_all,21191,1,per_run
clique,30,5,10,announce_wait,300,0,per_run
clique,30,5,10,bid_sending,2783,0,per_run
clique,30,5,10,winner_wait,7378,0,per_run
clique,30,5,11,announce_wait,275,0,per_run
clique,30,5,11,bid_sending,2739,0,per_run
clique,30,5,11,winner_wait,7432,0,per_run
clique,30,5,12,announce_wait,317,0,per_run
clique,30,5,12,bid_sending,3189,0,per_run
clique,30,5,12,winner_wait,6808,0,per_run
clique,30,5,13,announce_wait,391,1,per_run
clique,30,5,13,bid_sending,2920,1,per_run
clique,30,5,13,winner_wait,7184,1,per_run
clique,30,5,13,confirm_all,19636,1,per_run
clique,30,5,14,announce_wait,272,0,per_run
clique,30,5,14,bid_sending,2966,0,per_run
clique,30,5,14,winner_wait,6990,0,per_run
clique,30,5,15,announce_wait,275,0,per_run
clique,30,5,15,bid_sending,3293,0,per_run
clique,30,5,15,winner_wait,6968,0,per_run
clique,30,5,16,announce_wait,301,0,per_run
clique,30,5,16,bid_sending,3017,0,per_run
clique,30,5,16,winner_wait,7240,0,per_run
clique,30,5,17,announce_wait,277,0,per_run
clique,30,5,17,bid_sending,3102,0,per_run
clique,30,5,17,winner_wait,6757,0,per_run
clique,30,5,18,announce_wait,366,1,per_run
clique,30,5,18,bid_sending,2913,1,per_run
clique,30,5,18,winner_wait,7141,1,per_run
clique,30,5,18,confirm_all,19845,1,per_run
clique,30,5,19,announce_wait,328,0,per_run
clique,30,5,19,bid_sending,2918,0,per_run
clique,30,5,19,winner_wait,6587,0,per_run
clique,30,5,2,announce_wait,364,0,per_run
clique,30,5,2,bid_sending,2928,0,per_run
clique,30,5,2,winner_wait,7381,0,per_run
clique,30,5,20,announce_wait,318,0,per_run
clique,30,5,20,bid_sending,3065,0,per_run
clique,30,5,20,winner_wait,6850,0,per_run
clique,30,5,3,announce_wait,358,1,per_run
clique,30,5,3,bid_sending,3095,1,per_run
clique,30,5,3,winner_wait,7071,1,per_run
clique,30,5,3,confirm_all,20352,1,per_run
clique,30,5,4,announce_wait,316,0,per_run
clique,30,5,4,bid_sending,3069,0,per_run
clique,30,5,4,winner_wait,7078,0,per_run
clique,30,5,5,announce_wait,364,0,per_run
clique,30,5,5,bid_sending,2928,0,per_run
clique,30,5,5,winner_wait,7381,0,per_run
clique,30,5,6,announce_wait,282,0,per_run
clique,30,5,6,bid_sending,3049,0,per_run
clique,30,5,6,winner_wait,7122,0,per_run
clique,30,5,7,announce_wait,327,1,per_run
clique,30,5,7,bid_sending,3038,1,per_run
clique,30,5,7,winner_wait,6990,1,per_run
clique,30,5,7,confirm_all,20774,1,per_run
clique,30,5,8,announce_wait,392,0,per_run
clique,30,5,8,bid_sending,3027,0,per_run
clique,30,5,8,winner_wait,7057,0,per_run
clique,30,5,9,announce_wait,323,0,per_run
clique,30,5,9,bid_sending,2854,0,per_run
clique,30,5,9,winner_wait,9547,0,per_run
clique,30,6,1,announce_wait,359,0,per_run
clique,30,6,1,bid_sending,2984,0,per_run
clique,30,6,1,winner_wait,7088,0,per_run
clique,30,6,10,announce_wait,300,0,per_run
clique,30,6,10,bid_sending,2862,0,per_run
clique,30,6,10,winner_wait,7249,0,per_run
clique,30,6,11,announce_wait,378,0,per_run
clique,30,6,11,bid_sending,2818,0,per_run
clique,30,6,11,winner_wait,7080,0,per_run
clique,30,6,12,announce_wait,319,0,per_run
clique,30,6,12,bid_sending,3228,0,per_run
clique,30,6,12,winner_wait,6851,0,per_run
clique,30,6,13,announce_wait,334,0,per_run
clique,30,6,13,bid_sending,3124,0,per_run
clique,30,6,13,winner_wait,7033,0,per_run
clique,30,6,14,announce_wait,285,0,per_run
clique,30,6,14,bid_sending,3238,0,per_run
clique,30,6,14,winner_wait,6438,0,per_run
clique,30,6,15,announce_wait,346,0,per_run
clique,30,6,15,bid_sending,3074,0,per_run
clique,30,6,15,winner_wait,7216,0,per_run
clique,30,6,16,announce_wait,285,1,per_run
clique,30,6,16,bid_sending,2948,1,per_run
clique,30,6,16,winner_wait,7151,1,per_run
clique,30,6,16,confirm_all,21724,1,per_run
clique,30,6,17,announce_wait,282,0,per_run
clique,30,6,17,bid_sending,2931,0,per_run
clique,30,6,17,winner_wait,7056,0,per_run
clique,30,6,18,announce_wait,305,0,per_run
clique,30,6,18,bid_sending,3043,0,per_run
clique,30,6,18,winner_wait,7067,0,per_run
clique,30,6,19,announce_wait,340,1,per_run
clique,30,6,19,bid_sending,2929,1,per_run
clique,30,6,19,winner_wait,6307,1,per_run
clique,30,6,19,confirm_all,21078,1,per_run
clique,30,6,2,announce_wait,348,0,per_run
clique,30,6,2,bid_sending,3062,0,per_run
clique,30,6,2,winner_wait,6950,0,per_run
clique,30,6,20,announce_wait,322,0,per_run
clique,30,6,20,bid_sending,3105,0,per_run
clique,30,6,20,winner_wait,6910,0,per_run
clique,30,6,3,announce_wait,390,0,per_run
clique,30,6,3,bid_sending,3314,0,per_run
clique,30,6,3,winner_wait,6777,0,per_run
clique,30,6,4,announce_wait,450,0,per_run
clique,30,6,4,bid_sending,3122,0,per_run
clique,30,6,4,winner_wait,7098,0,per_run
clique,30,6,5,announce_wait,348,0,per_run
clique,30,6,5,bid_sending,3062,0,per_run
clique,30,6,5,winner_wait,6950,0,per_run
clique,30,6,6,announce_wait,279,0,per_run
clique,30,6,6,bid_sending,3011,0,per_run
clique,30,6,6,winner_wait,7040,0,per_run
clique,30,6,7,announce_wait,355,0,per_run
clique,30,6,7,bid_sending,3099,0,per_run
clique,30,6,7,winner_wait,6860,0,per_run
clique,30,6,8,announce_wait,295,0,per_run
clique,30,6,8,bid_sending,3040,0,per_run
clique,30,6,8,winner_wait,7445,0,per_run
clique,30,6,9,announce_wait,355,1,per_run
clique,30,6,9,bid_sending,2847,1,per_run
clique,30,6,9,winner_wait,9452,1,per_run
clique,30,6,9,confirm_all,22501,1,per_run
clique,4,1,1,announce_wait,23,1,per_run
clique,4,1,1,bid_sending,198,1,per_run
clique,4,1,1,winner_wait,9771,1,per_run
clique,4,1,1,confirm_all,2160,1,per_run
clique,4,1,10,announce_wait,25,1,per_run
clique,4,1,10,bid_sending,227,1,per_run
clique,4,1,10,winner_wait,9704,1,per_run
clique,4,1,10,confirm_all,2158,1,per_run
clique,4,1,11,announce_wait,22,1,per_run
clique,4,1,11,bid_sending,167,1,per_run
clique,4,1,11,winner_wait,9798,1,per_run
clique,4,1,11,confirm_all,2174,1,per_run
clique,4,1,12,announce_wait,23,1,per_run
clique,4,1,12,bid_sending,153,1,per_run
clique,4,1,12,winner_wait,9803,1,per_run
clique,4,1,12,confirm_all,2118,1,per_run
clique,4,1,13,announce_wait,20,1,per_run
clique,4,1,13,bid_sending,159,1,per_run
clique,4,1,13,winner_wait,9791,1,per_run
clique,4,1,13,confirm_all,2219,1,per_run
clique,4,1,14,announce_wait,21,1,per_run
clique,4,1,14,bid_sending,180,1,per_run
clique,4,1,14,winner_wait,9761,1,per_run
clique,4,1,14,confirm_all,2124,1,per_run
clique,4,1,15,announce_wait,23,1,per_run
clique,4,1,15,bid_sending,209,1,per_run
clique,4,1,15,winner_wait,9745,1,per_run
clique,4,1,15,confirm_all,2139,1,per_run
clique,4,1,16,announce_wait,21,1,per_run
clique,4,1,16,bid_sending,159,1,per_run
clique,4,1,16,winner_wait,9796,1,per_run
clique,4,1,16,confirm_all,2167,1,per_run
clique,4,1,17,announce_wait,21,1,per_run
clique,4,1,17,bid_sending,171,1,per_run
clique,4,1,17,winner_wait,9781,1,per_run
clique,4,1,17,confirm_all,2118,1,per_run
clique,4,1,18,announce_wait,30,1,per_run
clique,4,1,18,bid_sending,246,1,per_run
clique,4,1,18,winner_wait,9685,1,per_run
clique,4,1,18,confirm_all,2117,1,per_run
clique,4,1,19,announce_wait,27,1,per_run
clique,4,1,19,bid_sending,163,1,per_run
clique,4,1,19,winner_wait,9775,1,per_run
clique,4,1,19,confirm_all,2187,1,per_run
clique,4,1,2,announce_wait,27,1,per_run
clique,4,1,2,bid_sending,167,1,per_run
clique,4,1,2,winner_wait,9781,1,per_run
clique,4,1,2,confirm_all,2165,1,per_run
clique,4,1,20,announce_wait,31,1,per_run
clique,4,1,20,bid_sending,156,1,per_run
clique,4,1,20,winner_wait,9797,1,per_run
clique,4,1,20,confirm_all,2163,1,per_run
clique,4,1,3,announce_wait,20,1,per_run
clique,4,1,3,bid_sending,164,1,per_run
clique,4,1,3,winner_wait,9782,1,per_run
clique,4,1,3,confirm_all,2209,1,per_run
clique,4,1,4,announce_wait,24,1,per_run
clique,4,1,4,bid_sending,184,1,per_run
clique,4,1,4,winner_wait,9757,1,per_run
clique,4,1,4,confirm_all,2132,1,per_run
clique,4,1,5,announce_wait,27,1,per_run
clique,4,1,5,bid_sending,158,1,per_run
clique,4,1,5,winner_wait,9801,1,per_run
clique,4,1,5,confirm_all,2163,1,per_run
clique,4,1,6,announce_wait,24,1,per_run
clique,4,1,6,bid_sending,174,1,per_run
clique,4,1,6,winner_wait,9754,1,per_run
clique,4,1,6,confirm_all,2080,1,per_run
clique,4,1,7,announce_wait,19,1,per_run
clique,4,1,7,bid_sending,216,1,per_run
clique,4,1,7,winner_wait,9726,1,per_run
clique,4,1,7,confirm_all,1974,1,per_run
clique,4,1,8,announce_wait,28,1,per_run
clique,4,1,8,bid_sending,168,1,per_run
clique,4,1,8,winner_wait,9794,1,per_run
clique,4,1,8,confirm_all,2100,1,per_run
clique,4,1,9,announce_wait,23,1,per_run
clique,4,1,9,bid_sending,181,1,per_run
clique,4,1,9,winner_wait,9782,1,per_run
clique,4,1,9,confirm_all,2199,1,per_run
qbft,10,1,1,announce_wait,149,1,per_run
qbft,10,1,1,bid_sending,9892,1,per_run
qbft,10,1,1,winner_wait,9786,1,per_run
qbft,10,1,1,confirm_all,10905,1,per_run
qbft,10,1,10,announce_wait,145,0,per_run
qbft,10,1,10,bid_sending,9971,0,per_run
qbft,10,1,10,winner_wait,9927,0,per_run
qbft,10,1,11,announce_wait,139,0,per_run
qbft,10,1,11,bid_sending,9986,0,per_run
qbft,10,1,11,winner_wait,9796,0,per_run
qbft,10,1,12,announce_wait,142,1,per_run
qbft,10,1,12,bid_sending,10115,1,per_run
qbft,10,1,12,winner_wait,9694,1,per_run
qbft,10,1,12,confirm_all,10890,1,per_run
qbft,10,1,13,announce_wait,170,0,per_run
qbft,10,1,13,bid_sending,9906,0,per_run
qbft,10,1,13,winner_wait,9932,0,per_run
qbft,10,1,14,announce_wait,123,0,per_run
qbft,10,1,14,bid_sending,10042,0,per_run
qbft,10,1,14,winner_wait,9802,0,per_run
qbft,10,1,15,announce_wait,155,1,per_run
qbft,10,1,15,bid_sending,10014,1,per_run
qbft,10,1,15,winner_wait,9808,1,per_run
qbft,10,1,15,confirm_all,11030,1,per_run
qbft,10,1,16,announce_wait,179,1,per_run
qbft,10,1,16,bid_sending,9994,1,per_run
qbft,10,1,16,winner_wait,9782,1,per_run
qbft,10,1,16,confirm_all,10900,1,per_run
qbft,10,1,17,announce_wait,125,0,per_run
qbft,10,1,17,bid_sending,9998,0,per_run
qbft,10,1,17,winner_wait,9812,0,per_run
qbft,10,1,18,announce_wait,170,1,per_run
qbft,10,1,18,bid_sending,10112,1,per_run
qbft,10,1,18,winner_wait,9720,1,per_run
qbft,10,1,18,confirm_all,10895,1,per_run
qbft,10,1,19,announce_wait,122,0,per_run
qbft,10,1,19,bid_sending,9930,0,per_run
qbft,10,1,19,winner_wait,9888,0,per_run
qbft,10,1,2,announce_wait,113,1,per_run
qbft,10,1,2,bid_sending,9942,1,per_run
qbft,10,1,2,winner_wait,9870,1,per_run
qbft,10,1,2,confirm_all,10844,1,per_run
qbft,10,1,20,announce_wait,208,0,per_run
qbft,10,1,20,bid_sending,10028,0,per_run
qbft,10,1,20,winner_wait,9735,0,per_run
qbft,10,1,3,announce_wait,118,1,per_run
qbft,10,1,3,bid_sending,9958,1,per_run
qbft,10,1,3,winner_wait,9880,1,per_run
qbft,10,1,3,confirm_all,10781,1,per_run
qbft,10,1,4,announce_wait,133,0,per_run
qbft,10,1,4,bid_sending,9977,0,per_run
qbft,10,1,4,winner_wait,9811,0,per_run
qbft,10,1,5,announce_wait,92,1,per_run
qbft,10,1,5,bid_sending,10019,1,per_run
qbft,10,1,5,winner_wait,9805,1,per_run
qbft,10,1,5,confirm_all,10827,1,per_run
qbft,10,1,6,announce_wait,116,0,per_run
qbft,10,1,6,bid_sending,9976,0,per_run
qbft,10,1,6,winner_wait,9886,0,per_run
qbft,10,1,7,announce_wait,116,0,per_run
qbft,10,1,7,bid_sending,9976,0,per_run
qbft,10,1,7,winner_wait,9886,0,per_run
qbft,10,1,8,announce_wait,116,0,per_run
qbft,10,1,8,bid_sending,9976,0,per_run
qbft,10,1,8,winner_wait,9886,0,per_run
qbft,10,1,9,announce_wait,137,0,per_run
qbft,10,1,9,bid_sending,9990,0,per_run
qbft,10,1,9,winner_wait,9885,0,per_run
qbft,10,2,1,announce_wait,141,0,per_run
qbft,10,2,1,bid_sending,9943,0,per_run
qbft,10,2,1,winner_wait,9765,0,per_run
qbft,10,2,10,announce_wait,111,1,per_run
qbft,10,2,10,bid_sending,10054,1,per_run
qbft,10,2,10,winner_wait,9846,1,per_run
qbft,10,2,10,confirm_all,10854,1,per_run
qbft,10,2,11,announce_wait,159,1,per_run
qbft,10,2,11,bid_sending,9989,1,per_run
qbft,10,2,11,winner_wait,9706,1,per_run
qbft,10,2,11,confirm_all,10880,1,per_run
qbft,10,2,12,announce_wait,156,0,per_run
qbft,10,2,12,bid_sending,9970,0,per_run
qbft,10,2,12,winner_wait,9870,0,per_run
qbft,10,2,13,announce_wait,110,1,per_run
qbft,10,2,13,bid_sending,10031,1,per_run
qbft,10,2,13,winner_wait,9823,1,per_run
qbft,10,2,13,confirm_all,10890,1,per_run
qbft,10,2,14,announce_wait,161,1,per_run
qbft,10,2,14,bid_sending,10103,1,per_run
qbft,10,2,14,winner_wait,9733,1,per_run
qbft,10,2,14,confirm_all,10782,1,per_run
qbft,10,2,15,announce_wait,121,0,per_run
qbft,10,2,15,bid_sending,10085,0,per_run
qbft,10,2,15,winner_wait,9813,0,per_run
qbft,10,2,16,announce_wait,212,0,per_run
qbft,10,2,16,bid_sending,9876,0,per_run
qbft,10,2,16,winner_wait,9880,0,per_run
qbft,10,2,17,announce_wait,119,1,per_run
qbft,10,2,17,bid_sending,9925,1,per_run
qbft,10,2,17,winner_wait,9896,1,per_run
qbft,10,2,17,confirm_all,10850,1,per_run
qbft,10,2,18,announce_wait,141,0,per_run
qbft,10,2,18,bid_sending,10072,0,per_run
qbft,10,2,18,winner_wait,9797,0,per_run
qbft,10,2,19,announce_wait,79,1,per_run
qbft,10,2,19,bid_sending,10063,1,per_run
qbft,10,2,19,winner_wait,9769,1,per_run
qbft,10,2,19,confirm_all,10916,1,per_run
qbft,10,2,2,announce_wait,124,0,per_run
qbft,10,2,2,bid_sending,9937,0,per_run
qbft,10,2,2,winner_wait,9831,0,per_run
qbft,10,2,20,announce_wait,168,1,per_run
qbft,10,2,20,bid_sending,10078,1,per_run
qbft,10,2,20,winner_wait,9722,1,per_run
qbft,10,2,20,confirm_all,10859,1,per_run
qbft,10,2,3,announce_wait,129,0,per_run
qbft,10,2,3,bid_sending,9986,0,per_run
qbft,10,2,3,winner_wait,9867,0,per_run
qbft,10,2,4,announce_wait,106,1,per_run
qbft,10,2,4,bid_sending,9985,1,per_run
qbft,10,2,4,winner_wait,9863,1,per_run
qbft,10,2,4,confirm_all,10744,1,per_run
qbft,10,2,5,announce_wait,113,0,per_run
qbft,10,2,5,bid_sending,10004,0,per_run
qbft,10,2,5,winner_wait,9849,0,per_run
qbft,10,2,6,announce_wait,120,1,per_run
qbft,10,2,6,bid_sending,9963,1,per_run
qbft,10,2,6,winner_wait,9886,1,per_run
qbft,10,2,6,confirm_all,10772,1,per_run
qbft,10,2,7,announce_wait,120,1,per_run
qbft,10,2,7,bid_sending,9963,1,per_run
qbft,10,2,7,winner_wait,9886,1,per_run
qbft,10,2,7,confirm_all,10772,1,per_run
qbft,10,2,8,announce_wait,120,1,per_run
qbft,10,2,8,bid_sending,9963,1,per_run
qbft,10,2,8,winner_wait,9886,1,per_run
qbft,10,2,8,confirm_all,10772,1,per_run
qbft,10,2,9,announce_wait,117,1,per_run
qbft,10,2,9,bid_sending,10024,1,per_run
qbft,10,2,9,winner_wait,9915,1,per_run
qbft,10,2,9,confirm_all,10684,1,per_run
qbft,20,1,1,announce_wait,314,0,per_run
qbft,20,1,1,bid_sending,2425,0,per_run
qbft,20,1,1,winner_wait,7490,0,per_run
qbft,20,1,10,announce_wait,160,0,per_run
qbft,20,1,10,bid_sending,1515,0,per_run
qbft,20,1,10,winner_wait,8525,0,per_run
qbft,20,1,11,announce_wait,190,0,per_run
qbft,20,1,11,bid_sending,1680,0,per_run
qbft,20,1,11,winner_wait,8418,0,per_run
qbft,20,1,12,announce_wait,212,0,per_run
qbft,20,1,12,bid_sending,1675,0,per_run
qbft,20,1,12,winner_wait,8274,0,per_run
qbft,20,1,13,announce_wait,180,0,per_run
qbft,20,1,13,bid_sending,1689,0,per_run
qbft,20,1,13,winner_wait,8197,0,per_run
qbft,20,1,14,announce_wait,5055,1,per_run
qbft,20,1,14,bid_sending,1631,1,per_run
qbft,20,1,14,winner_wait,8686,1,per_run
qbft,20,1,14,confirm_all,33735,1,per_run
qbft,20,1,15,announce_wait,201,0,per_run
qbft,20,1,15,bid_sending,1769,0,per_run
qbft,20,1,15,winner_wait,8259,0,per_run
qbft,20,1,16,announce_wait,206,1,per_run
qbft,20,1,16,bid_sending,1626,1,per_run
qbft,20,1,16,winner_wait,8470,1,per_run
qbft,20,1,16,confirm_all,32970,1,per_run
qbft,20,1,17,announce_wait,4821,0,per_run
qbft,20,1,17,bid_sending,1628,0,per_run
qbft,20,1,17,winner_wait,8777,0,per_run
qbft,20,1,18,announce_wait,150,0,per_run
qbft,20,1,18,bid_sending,1610,0,per_run
qbft,20,1,18,winner_wait,8259,0,per_run
qbft,20,1,19,announce_wait,161,1,per_run
qbft,20,1,19,bid_sending,1575,1,per_run
qbft,20,1,19,winner_wait,8455,1,per_run
qbft,20,1,19,confirm_all,33853,1,per_run
qbft,20,1,2,announce_wait,278,0,per_run
qbft,20,1,2,bid_sending,2227,0,per_run
qbft,20,1,2,winner_wait,7622,0,per_run
qbft,20,1,20,announce_wait,177,0,per_run
qbft,20,1,20,bid_sending,1655,0,per_run
qbft,20,1,20,winner_wait,8353,0,per_run
qbft,20,1,3,announce_wait,248,1,per_run
qbft,20,1,3,bid_sending,1873,1,per_run
qbft,20,1,3,winner_wait,8032,1,per_run
qbft,20,1,3,confirm_all,33440,1,per_run
qbft,20,1,4,announce_wait,186,0,per_run
qbft,20,1,4,bid_sending,1989,0,per_run
qbft,20,1,4,winner_wait,8166,0,per_run
qbft,20,1,5,announce_wait,199,0,per_run
qbft,20,1,5,bid_sending,1879,0,per_run
qbft,20,1,5,winner_wait,8215,0,per_run
qbft,20,1,6,announce_wait,187,0,per_run
qbft,20,1,6,bid_sending,1679,0,per_run
qbft,20,1,6,winner_wait,8546,0,per_run
qbft,20,1,7,announce_wait,199,0,per_run
qbft,20,1,7,bid_sending,1879,0,per_run
qbft,20,1,7,winner_wait,8215,0,per_run
qbft,20,1,8,announce_wait,187,0,per_run
qbft,20,1,8,bid_sending,1671,0,per_run
qbft,20,1,8,winner_wait,8539,0,per_run
qbft,20,1,9,announce_wait,210,1,per_run
qbft,20,1,9,bid_sending,1831,1,per_run
qbft,20,1,9,winner_wait,8062,1,per_run
qbft,20,1,9,confirm_all,32872,1,per_run
qbft,20,2,1,announce_wait,313,1,per_run
qbft,20,2,1,bid_sending,2663,1,per_run
qbft,20,2,1,winner_wait,7332,1,per_run
qbft,20,2,1,confirm_all,35804,1,per_run
qbft,20,2,10,announce_wait,192,0,per_run
qbft,20,2,10,bid_sending,1770,0,per_run
qbft,20,2,10,winner_wait,8237,0,per_run
qbft,20,2,11,announce_wait,181,0,per_run
qbft,20,2,11,bid_sending,1561,0,per_run
qbft,20,2,11,winner_wait,8609,0,per_run
qbft,20,2,12,announce_wait,173,1,per_run
qbft,20,2,12,bid_sending,1627,1,per_run
qbft,20,2,12,winner_wait,8108,1,per_run
qbft,20,2,12,confirm_all,34244,1,per_run
qbft,20,2,13,announce_wait,171,1,per_run
qbft,20,2,13,bid_sending,1690,1,per_run
qbft,20,2,13,winner_wait,8385,1,per_run
qbft,20,2,13,confirm_all,34601,1,per_run
qbft,20,2,14,announce_wait,4960,0,per_run
qbft,20,2,14,bid_sending,1750,0,per_run
qbft,20,2,14,winner_wait,8662,0,per_run
qbft,20,2,15,announce_wait,206,1,per_run
qbft,20,2,15,bid_sending,1709,1,per_run
qbft,20,2,15,winner_wait,8445,1,per_run
qbft,20,2,15,confirm_all,34019,1,per_run
qbft,20,2,16,announce_wait,195,0,per_run
qbft,20,2,16,bid_sending,1606,0,per_run
qbft,20,2,16,winner_wait,8492,0,per_run
qbft,20,2,17,announce_wait,4846,0,per_run
qbft,20,2,17,bid_sending,1578,0,per_run
qbft,20,2,17,winner_wait,8839,0,per_run
qbft,20,2,18,announce_wait,161,0,per_run
qbft,20,2,18,bid_sending,1532,0,per_run
qbft,20,2,18,winner_wait,8592,0,per_run
qbft,20,2,19,announce_wait,173,0,per_run
qbft,20,2,19,bid_sending,1625,0,per_run
qbft,20,2,19,winner_wait,8409,0,per_run
qbft,20,2,2,announce_wait,300,1,per_run
qbft,20,2,2,bid_sending,2157,1,per_run
qbft,20,2,2,winner_wait,7767,1,per_run
qbft,20,2,2,confirm_all,34936,1,per_run
qbft,20,2,20,announce_wait,174,0,per_run
qbft,20,2,20,bid_sending,1446,0,per_run
qbft,20,2,20,winner_wait,8556,0,per_run
qbft,20,2,3,announce_wait,240,0,per_run
qbft,20,2,3,bid_sending,2103,0,per_run
qbft,20,2,3,winner_wait,7950,0,per_run
qbft,20,2,4,announce_wait,233,1,per_run
qbft,20,2,4,bid_sending,2043,1,per_run
qbft,20,2,4,winner_wait,8058,1,per_run
qbft,20,2,4,confirm_all,33546,1,per_run
qbft,20,2,5,announce_wait,212,1,per_run
qbft,20,2,5,bid_sending,1842,1,per_run
qbft,20,2,5,winner_wait,8307,1,per_run
qbft,20,2,5,confirm_all,33907,1,per_run
qbft,20,2,6,announce_wait,198,0,per_run
qbft,20,2,6,bid_sending,1759,0,per_run
qbft,20,2,6,winner_wait,8211,0,per_run
qbft,20,2,7,announce_wait,212,1,per_run
qbft,20,2,7,bid_sending,1842,1,per_run
qbft,20,2,7,winner_wait,8307,1,per_run
qbft,20,2,7,confirm_all,33907,1,per_run
qbft,20,2,8,announce_wait,200,0,per_run
qbft,20,2,8,bid_sending,1591,0,per_run
qbft,20,2,8,winner_wait,8646,0,per_run
qbft,20,2,9,announce_wait,224,0,per_run
qbft,20,2,9,bid_sending,1783,0,per_run
qbft,20,2,9,winner_wait,8264,0,per_run
qbft,20,3,1,announce_wait,292,0,per_run
qbft,20,3,1,bid_sending,2593,0,per_run
qbft,20,3,1,winner_wait,7325,0,per_run
qbft,20,3,10,announce_wait,161,0,per_run
qbft,20,3,10,bid_sending,1470,0,per_run
qbft,20,3,10,winner_wait,8379,0,per_run
qbft,20,3,11,announce_wait,205,1,per_run
qbft,20,3,11,bid_sending,1611,1,per_run
qbft,20,3,11,winner_wait,8442,1,per_run
qbft,20,3,11,confirm_all,33670,1,per_run
qbft,20,3,12,announce_wait,175,0,per_run
qbft,20,3,12,bid_sending,1855,0,per_run
qbft,20,3,12,winner_wait,8071,0,per_run
qbft,20,3,13,announce_wait,172,0,per_run
qbft,20,3,13,bid_sending,1657,0,per_run
qbft,20,3,13,winner_wait,8406,0,per_run
qbft,20,3,14,announce_wait,5009,0,per_run
qbft,20,3,14,bid_sending,1897,0,per_run
qbft,20,3,14,winner_wait,8504,0,per_run
qbft,20,3,15,announce_wait,205,0,per_run
qbft,20,3,15,bid_sending,1680,0,per_run
qbft,20,3,15,winner_wait,8462,0,per_run
qbft,20,3,16,announce_wait,187,0,per_run
qbft,20,3,16,bid_sending,1506,0,per_run
qbft,20,3,16,winner_wait,8615,0,per_run
qbft,20,3,17,announce_wait,4877,1,per_run
qbft,20,3,17,bid_sending,1681,1,per_run
qbft,20,3,17,winner_wait,8706,1,per_run
qbft,20,3,17,confirm_all,34547,1,per_run
qbft,20,3,18,announce_wait,184,0,per_run
qbft,20,3,18,bid_sending,1633,0,per_run
qbft,20,3,18,winner_wait,8433,0,per_run
qbft,20,3,19,announce_wait,195,0,per_run
qbft,20,3,19,bid_sending,1484,0,per_run
qbft,20,3,19,winner_wait,8505,0,per_run
qbft,20,3,2,announce_wait,239,0,per_run
qbft,20,3,2,bid_sending,2120,0,per_run
qbft,20,3,2,winner_wait,7630,0,per_run
qbft,20,3,20,announce_wait,168,1,per_run
qbft,20,3,20,bid_sending,1598,1,per_run
qbft,20,3,20,winner_wait,8412,1,per_run
qbft,20,3,20,confirm_all,33169,1,per_run
qbft,20,3,3,announce_wait,222,0,per_run
qbft,20,3,3,bid_sending,1928,0,per_run
qbft,20,3,3,winner_wait,7942,0,per_run
qbft,20,3,4,announce_wait,277,0,per_run
qbft,20,3,4,bid_sending,2079,0,per_run
qbft,20,3,4,winner_wait,7856,0,per_run
qbft,20,3,5,announce_wait,189,0,per_run
qbft,20,3,5,bid_sending,1740,0,per_run
qbft,20,3,5,winner_wait,8191,0,per_run
qbft,20,3,6,announce_wait,184,0,per_run
qbft,20,3,6,bid_sending,1623,0,per_run
qbft,20,3,6,winner_wait,8542,0,per_run
qbft,20,3,7,announce_wait,189,0,per_run
qbft,20,3,7,bid_sending,1740,0,per_run
qbft,20,3,7,winner_wait,8191,0,per_run
qbft,20,3,8,announce_wait,205,1,per_run
qbft,20,3,8,bid_sending,1761,1,per_run
qbft,20,3,8,winner_wait,8406,1,per_run
qbft,20,3,8,confirm_all,33575,1,per_run
qbft,20,3,9,announce_wait,193,0,per_run
qbft,20,3,9,bid_sending,1721,0,per_run
qbft,20,3,9,winner_wait,8403,0,per_run
qbft,20,4,1,announce_wait,313,0,per_run
qbft,20,4,1,bid_sending,2371,0,per_run
qbft,20,4,1,winner_wait,7337,0,per_run
qbft,20,4,10,announce_wait,193,1,per_run
qbft,20,4,10,bid_sending,1698,1,per_run
qbft,20,4,10,winner_wait,8357,1,per_run
qbft,20,4,10,confirm_all,34002,1,per_run
qbft,20,4,11,announce_wait,186,0,per_run
qbft,20,4,11,bid_sending,1624,0,per_run
qbft,20,4,11,winner_wait,8373,0,per_run
qbft,20,4,12,announce_wait,203,0,per_run
qbft,20,4,12,bid_sending,1597,0,per_run
qbft,20,4,12,winner_wait,8241,0,per_run
qbft,20,4,13,announce_wait,189,0,per_run
qbft,20,4,13,bid_sending,1513,0,per_run
qbft,20,4,13,winner_wait,8554,0,per_run
qbft,20,4,14,announce_wait,5015,0,per_run
qbft,20,4,14,bid_sending,1451,0,per_run
qbft,20,4,14,winner_wait,8926,0,per_run
qbft,20,4,15,announce_wait,177,0,per_run
qbft,20,4,15,bid_sending,1605,0,per_run
qbft,20,4,15,winner_wait,8591,0,per_run
qbft,20,4,16,announce_wait,161,0,per_run
qbft,20,4,16,bid_sending,1566,0,per_run
qbft,20,4,16,winner_wait,8383,0,per_run
qbft,20,4,17,announce_wait,4853,0,per_run
qbft,20,4,17,bid_sending,1630,0,per_run
qbft,20,4,17,winner_wait,8684,0,per_run
qbft,20,4,18,announce_wait,180,1,per_run
qbft,20,4,18,bid_sending,1488,1,per_run
qbft,20,4,18,winner_wait,8555,1,per_run
qbft,20,4,18,confirm_all,35004,1,per_run
qbft,20,4,19,announce_wait,189,0,per_run
qbft,20,4,19,bid_sending,1539,0,per_run
qbft,20,4,19,winner_wait,8535,0,per_run
qbft,20,4,2,announce_wait,256,0,per_run
qbft,20,4,2,bid_sending,2026,0,per_run
qbft,20,4,2,winner_wait,7763,0,per_run
qbft,20,4,20,announce_wait,165,0,per_run
qbft,20,4,20,bid_sending,1574,0,per_run
qbft,20,4,20,winner_wait,8488,0,per_run
qbft,20,4,3,announce_wait,236,0,per_run
qbft,20,4,3,bid_sending,1866,0,per_run
qbft,20,4,3,winner_wait,8200,0,per_run
qbft,20,4,4,announce_wait,200,0,per_run
qbft,20,4,4,bid_sending,1634,0,per_run
qbft,20,4,4,winner_wait,8444,0,per_run
qbft,20,4,5,announce_wait,181,0,per_run
qbft,20,4,5,bid_sending,1636,0,per_run
qbft,20,4,5,winner_wait,8352,0,per_run
qbft,20,4,6,announce_wait,186,1,per_run
qbft,20,4,6,bid_sending,1772,1,per_run
qbft,20,4,6,winner_wait,8417,1,per_run
qbft,20,4,6,confirm_all,33612,1,per_run
qbft,20,4,7,announce_wait,181,0,per_run
qbft,20,4,7,bid_sending,1636,0,per_run
qbft,20,4,7,winner_wait,8352,0,per_run
qbft,20,4,8,announce_wait,180,0,per_run
qbft,20,4,8,bid_sending,1767,0,per_run
qbft,20,4,8,winner_wait,8381,0,per_run
qbft,20,4,9,announce_wait,171,0,per_run
qbft,20,4,9,bid_sending,1556,0,per_run
qbft,20,4,9,winner_wait,8378,0,per_run
qbft,30,1,1,announce_wait,489,1,per_run
qbft,30,1,1,bid_sending,4463,1,per_run
qbft,30,1,1,winner_wait,9743,1,per_run
qbft,30,1,1,confirm_all,1470,1,per_run
qbft,30,1,10,announce_wait,366,0,per_run
qbft,30,1,10,bid_sending,3050,0,per_run
qbft,30,1,10,winner_wait,7342,0,per_run
qbft,30,1,11,announce_wait,315,0,per_run
qbft,30,1,11,bid_sending,3042,0,per_run
qbft,30,1,11,winner_wait,7292,0,per_run
qbft,30,1,12,announce_wait,313,0,per_run
qbft,30,1,12,bid_sending,2837,0,per_run
qbft,30,1,12,winner_wait,7976,0,per_run
qbft,30,1,13,announce_wait,325,0,per_run
qbft,30,1,13,bid_sending,3159,0,per_run
qbft,30,1,13,winner_wait,6879,0,per_run
qbft,30,1,14,announce_wait,335,0,per_run
qbft,30,1,14,bid_sending,3037,0,per_run
qbft,30,1,14,winner_wait,7368,0,per_run
qbft,30,1,15,announce_wait,4655,1,per_run
qbft,30,1,15,bid_sending,3108,1,per_run
qbft,30,1,15,winner_wait,7921,1,per_run
qbft,30,1,15,confirm_all,21587,1,per_run
qbft,30,1,16,announce_wait,299,0,per_run
qbft,30,1,16,bid_sending,2683,0,per_run
qbft,30,1,16,winner_wait,7631,0,per_run
qbft,30,1,17,announce_wait,359,0,per_run
qbft,30,1,17,bid_sending,3347,0,per_run
qbft,30,1,17,winner_wait,6883,0,per_run
qbft,30,1,18,announce_wait,325,0,per_run
qbft,30,1,18,bid_sending,2883,0,per_run
qbft,30,1,18,winner_wait,7284,0,per_run
qbft,30,1,19,announce_wait,304,0,per_run
qbft,30,1,19,bid_sending,3245,0,per_run
qbft,30,1,19,winner_wait,6912,0,per_run
qbft,30,1,2,announce_wait,4927,1,per_run
qbft,30,1,2,bid_sending,3911,1,per_run
qbft,30,1,2,winner_wait,6963,1,per_run
qbft,30,1,2,confirm_all,22876,1,per_run
qbft,30,1,20,announce_wait,4740,1,per_run
qbft,30,1,20,bid_sending,2833,1,per_run
qbft,30,1,20,winner_wait,7966,1,per_run
qbft,30,1,20,confirm_all,21987,1,per_run
qbft,30,1,3,announce_wait,364,0,per_run
qbft,30,1,3,bid_sending,3444,0,per_run
qbft,30,1,3,winner_wait,6974,0,per_run
qbft,30,1,4,announce_wait,406,0,per_run
qbft,30,1,4,bid_sending,3192,0,per_run
qbft,30,1,4,winner_wait,6869,0,per_run
qbft,30,1,5,announce_wait,359,0,per_run
qbft,30,1,5,bid_sending,3347,0,per_run
qbft,30,1,5,winner_wait,6883,0,per_run
qbft,30,1,6,announce_wait,371,0,per_run
qbft,30,1,6,bid_sending,3375,0,per_run
qbft,30,1,6,winner_wait,6964,0,per_run
qbft,30,1,7,announce_wait,418,0,per_run
qbft,30,1,7,bid_sending,3434,0,per_run
qbft,30,1,7,winner_wait,6486,0,per_run
qbft,30,1,8,announce_wait,351,1,per_run
qbft,30,1,8,bid_sending,2856,1,per_run
qbft,30,1,8,winner_wait,7306,1,per_run
qbft,30,1,8,confirm_all,21017,1,per_run
qbft,30,1,9,announce_wait,306,0,per_run
qbft,30,1,9,bid_sending,2827,0,per_run
qbft,30,1,9,winner_wait,7485,0,per_run
qbft,30,2,1,announce_wait,455,1,per_run
qbft,30,2,1,bid_sending,4446,1,per_run
qbft,30,2,1,winner_wait,10003,1,per_run
qbft,30,2,1,confirm_all,1306,1,per_run
qbft,30,2,10,announce_wait,291,0,per_run
qbft,30,2,10,bid_sending,2815,0,per_run
qbft,30,2,10,winner_wait,7692,0,per_run
qbft,30,2,11,announce_wait,337,0,per_run
qbft,30,2,11,bid_sending,2982,0,per_run
qbft,30,2,11,winner_wait,7449,0,per_run
qbft,30,2,12,announce_wait,313,0,per_run
qbft,30,2,12,bid_sending,2939,0,per_run
qbft,30,2,12,winner_wait,7573,0,per_run
qbft,30,2,13,announce_wait,329,0,per_run
qbft,30,2,13,bid_sending,3029,0,per_run
qbft,30,2,13,winner_wait,7071,0,per_run
qbft,30,2,14,announce_wait,303,0,per_run
qbft,30,2,14,bid_sending,2965,0,per_run
qbft,30,2,14,winner_wait,7657,0,per_run
qbft,30,2,15,announce_wait,4573,0,per_run
qbft,30,2,15,bid_sending,3211,0,per_run
qbft,30,2,15,winner_wait,7812,0,per_run
qbft,30,2,16,announce_wait,305,0,per_run
qbft,30,2,16,bid_sending,2796,0,per_run
qbft,30,2,16,winner_wait,7480,0,per_run
qbft,30,2,17,announce_wait,337,0,per_run
qbft,30,2,17,bid_sending,3395,0,per_run
qbft,30,2,17,winner_wait,6994,0,per_run
qbft,30,2,18,announce_wait,294,1,per_run
qbft,30,2,18,bid_sending,3007,1,per_run
qbft,30,2,18,winner_wait,7436,1,per_run
qbft,30,2,18,confirm_all,20291,1,per_run
qbft,30,2,19,announce_wait,326,1,per_run
qbft,30,2,19,bid_sending,2960,1,per_run
qbft,30,2,19,winner_wait,7209,1,per_run
qbft,30,2,19,confirm_all,20157,1,per_run
qbft,30,2,2,announce_wait,4812,0,per_run
qbft,30,2,2,bid_sending,3678,0,per_run
qbft,30,2,2,winner_wait,7299,0,per_run
qbft,30,2,20,announce_wait,4662,0,per_run
qbft,30,2,20,bid_sending,2807,0,per_run
qbft,30,2,20,winner_wait,8051,0,per_run
qbft,30,2,3,announce_wait,347,0,per_run
qbft,30,2,3,bid_sending,3412,0,per_run
qbft,30,2,3,winner_wait,6784,0,per_run
qbft,30,2,4,announce_wait,381,0,per_run
qbft,30,2,4,bid_sending,3398,0,per_run
qbft,30,2,4,winner_wait,6776,0,per_run
qbft,30,2,5,announce_wait,337,0,per_run
qbft,30,2,5,bid_sending,3395,0,per_run
qbft,30,2,5,winner_wait,6994,0,per_run
qbft,30,2,6,announce_wait,327,0,per_run
qbft,30,2,6,bid_sending,3210,0,per_run
qbft,30,2,6,winner_wait,7055,0,per_run
qbft,30,2,7,announce_wait,339,0,per_run
qbft,30,2,7,bid_sending,3245,0,per_run
qbft,30,2,7,winner_wait,6747,0,per_run
qbft,30,2,8,announce_wait,276,0,per_run
qbft,30,2,8,bid_sending,2806,0,per_run
qbft,30,2,8,winner_wait,7403,0,per_run
qbft,30,2,9,announce_wait,340,0,per_run
qbft,30,2,9,bid_sending,2745,0,per_run
qbft,30,2,9,winner_wait,7400,0,per_run
qbft,30,3,1,announce_wait,477,1,per_run
qbft,30,3,1,bid_sending,3780,1,per_run
qbft,30,3,1,winner_wait,10679,1,per_run
qbft,30,3,1,confirm_all,5996,1,per_run
qbft,30,3,10,announce_wait,275,0,per_run
qbft,30,3,10,bid_sending,2784,0,per_run
qbft,30,3,10,winner_wait,7587,0,per_run
qbft,30,3,11,announce_wait,303,0,per_run
qbft,30,3,11,bid_sending,2855,0,per_run
qbft,30,3,11,winner_wait,7445,0,per_run
qbft,30,3,12,announce_wait,318,0,per_run
qbft,30,3,12,bid_sending,2964,0,per_run
qbft,30,3,12,winner_wait,7296,0,per_run
qbft,30,3,13,announce_wait,338,0,per_run
qbft,30,3,13,bid_sending,3118,0,per_run
qbft,30,3,13,winner_wait,6853,0,per_run
qbft,30,3,14,announce_wait,264,0,per_run
qbft,30,3,14,bid_sending,2749,0,per_run
qbft,30,3,14,winner_wait,7714,0,per_run
qbft,30,3,15,announce_wait,4690,0,per_run
qbft,30,3,15,bid_sending,2874,0,per_run
qbft,30,3,15,winner_wait,7975,0,per_run
qbft,30,3,16,announce_wait,286,0,per_run
qbft,30,3,16,bid_sending,2668,0,per_run
qbft,30,3,16,winner_wait,7601,0,per_run
qbft,30,3,17,announce_wait,376,0,per_run
qbft,30,3,17,bid_sending,3696,0,per_run
qbft,30,3,17,winner_wait,6496,0,per_run
qbft,30,3,18,announce_wait,324,0,per_run
qbft,30,3,18,bid_sending,2876,0,per_run
qbft,30,3,18,winner_wait,7408,0,per_run
qbft,30,3,19,announce_wait,274,0,per_run
qbft,30,3,19,bid_sending,3164,0,per_run
qbft,30,3,19,winner_wait,7040,0,per_run
qbft,30,3,2,announce_wait,4823,0,per_run
qbft,30,3,2,bid_sending,3456,0,per_run
qbft,30,3,2,winner_wait,7484,0,per_run
qbft,30,3,20,announce_wait,4834,0,per_run
qbft,30,3,20,bid_sending,2833,0,per_run
qbft,30,3,20,winner_wait,7798,0,per_run
qbft,30,3,3,announce_wait,449,1,per_run
qbft,30,3,3,bid_sending,3483,1,per_run
qbft,30,3,3,winner_wait,6803,1,per_run
qbft,30,3,3,confirm_all,22120,1,per_run
qbft,30,3,4,announce_wait,345,0,per_run
qbft,30,3,4,bid_sending,3442,0,per_run
qbft,30,3,4,winner_wait,7040,0,per_run
qbft,30,3,5,announce_wait,376,0,per_run
qbft,30,3,5,bid_sending,3696,0,per_run
qbft,30,3,5,winner_wait,6496,0,per_run
qbft,30,3,6,announce_wait,378,1,per_run
qbft,30,3,6,bid_sending,3534,1,per_run
qbft,30,3,6,winner_wait,6517,1,per_run
qbft,30,3,6,confirm_all,22377,1,per_run
qbft,30,3,7,announce_wait,424,0,per_run
qbft,30,3,7,bid_sending,3407,0,per_run
qbft,30,3,7,winner_wait,6773,0,per_run
qbft,30,3,8,announce_wait,314,0,per_run
qbft,30,3,8,bid_sending,2798,0,per_run
qbft,30,3,8,winner_wait,7514,0,per_run
qbft,30,3,9,announce_wait,312,0,per_run
qbft,30,3,9,bid_sending,2772,0,per_run
qbft,30,3,9,winner_wait,7339,0,per_run
qbft,30,4,1,announce_wait,525,0,per_run
qbft,30,4,1,bid_sending,4010,0,per_run
qbft,30,4,1,winner_wait,10285,0,per_run
qbft,30,4,10,announce_wait,335,1,per_run
qbft,30,4,10,bid_sending,2961,1,per_run
qbft,30,4,10,winner_wait,7315,1,per_run
qbft,30,4,10,confirm_all,21477,1,per_run
qbft,30,4,11,announce_wait,362,0,per_run
qbft,30,4,11,bid_sending,3016,0,per_run
qbft,30,4,11,winner_wait,7410,0,per_run
qbft,30,4,12,announce_wait,321,0,per_run
qbft,30,4,12,bid_sending,3004,0,per_run
qbft,30,4,12,winner_wait,7471,0,per_run
qbft,30,4,13,announce_wait,314,0,per_run
qbft,30,4,13,bid_sending,3236,0,per_run
qbft,30,4,13,winner_wait,7142,0,per_run
qbft,30,4,14,announce_wait,342,1,per_run
qbft,30,4,14,bid_sending,3052,1,per_run
qbft,30,4,14,winner_wait,7132,1,per_run
qbft,30,4,14,confirm_all,21753,1,per_run
qbft,30,4,15,announce_wait,4733,0,per_run
qbft,30,4,15,bid_sending,2950,0,per_run
qbft,30,4,15,winner_wait,8081,0,per_run
qbft,30,4,16,announce_wait,301,0,per_run
qbft,30,4,16,bid_sending,2828,0,per_run
qbft,30,4,16,winner_wait,7318,0,per_run
qbft,30,4,17,announce_wait,466,1,per_run
qbft,30,4,17,bid_sending,3441,1,per_run
qbft,30,4,17,winner_wait,6683,1,per_run
qbft,30,4,17,confirm_all,22028,1,per_run
qbft,30,4,18,announce_wait,301,0,per_run
qbft,30,4,18,bid_sending,3029,0,per_run
qbft,30,4,18,winner_wait,7413,0,per_run
qbft,30,4,19,announce_wait,324,0,per_run
qbft,30,4,19,bid_sending,3343,0,per_run
qbft,30,4,19,winner_wait,6723,0,per_run
qbft,30,4,2,announce_wait,4913,0,per_run
qbft,30,4,2,bid_sending,3645,0,per_run
qbft,30,4,2,winner_wait,7223,0,per_run
qbft,30,4,20,announce_wait,4653,0,per_run
qbft,30,4,20,bid_sending,2908,0,per_run
qbft,30,4,20,winner_wait,7980,0,per_run
qbft,30,4,3,announce_wait,376,0,per_run
qbft,30,4,3,bid_sending,3406,0,per_run
qbft,30,4,3,winner_wait,7207,0,per_run
qbft,30,4,4,announce_wait,336,1,per_run
qbft,30,4,4,bid_sending,3602,1,per_run
qbft,30,4,4,winner_wait,6580,1,per_run
qbft,30,4,4,confirm_all,22365,1,per_run
qbft,30,4,5,announce_wait,466,1,per_run
qbft,30,4,5,bid_sending,3441,1,per_run
qbft,30,4,5,winner_wait,6683,1,per_run
qbft,30,4,5,confirm_all,22028,1,per_run
qbft,30,4,6,announce_wait,347,0,per_run
qbft,30,4,6,bid_sending,3327,0,per_run
qbft,30,4,6,winner_wait,6794,0,per_run
qbft,30,4,7,announce_wait,368,0,per_run
qbft,30,4,7,bid_sending,3420,0,per_run
qbft,30,4,7,winner_wait,6609,0,per_run
qbft,30,4,8,announce_wait,327,0,per_run
qbft,30,4,8,bid_sending,3030,0,per_run
qbft,30,4,8,winner_wait,7375,0,per_run
qbft,30,4,9,announce_wait,298,0,per_run
qbft,30,4,9,bid_sending,2890,0,per_run
qbft,30,4,9,winner_wait,7344,0,per_run
qbft,30,5,1,announce_wait,533,1,per_run
qbft,30,5,1,bid_sending,5147,1,per_run
qbft,30,5,1,winner_wait,9060,1,per_run
qbft,30,5,1,confirm_all,16723,1,per_run
qbft,30,5,10,announce_wait,284,0,per_run
qbft,30,5,10,bid_sending,2871,0,per_run
qbft,30,5,10,winner_wait,7638,0,per_run
qbft,30,5,11,announce_wait,350,0,per_run
qbft,30,5,11,bid_sending,3057,0,per_run
qbft,30,5,11,winner_wait,7500,0,per_run
qbft,30,5,12,announce_wait,344,1,per_run
qbft,30,5,12,bid_sending,2949,1,per_run
qbft,30,5,12,winner_wait,7485,1,per_run
qbft,30,5,12,confirm_all,21245,1,per_run
qbft,30,5,13,announce_wait,324,0,per_run
qbft,30,5,13,bid_sending,3107,0,per_run
qbft,30,5,13,winner_wait,7182,0,per_run
qbft,30,5,14,announce_wait,277,0,per_run
qbft,30,5,14,bid_sending,3012,0,per_run
qbft,30,5,14,winner_wait,7152,0,per_run
qbft,30,5,15,announce_wait,4647,0,per_run
qbft,30,5,15,bid_sending,3206,0,per_run
qbft,30,5,15,winner_wait,8049,0,per_run
qbft,30,5,16,announce_wait,310,0,per_run
qbft,30,5,16,bid_sending,2973,0,per_run
qbft,30,5,16,winner_wait,7363,0,per_run
qbft,30,5,17,announce_wait,311,0,per_run
qbft,30,5,17,bid_sending,3642,0,per_run
qbft,30,5,17,winner_wait,6218,0,per_run
qbft,30,5,18,announce_wait,290,0,per_run
qbft,30,5,18,bid_sending,2927,0,per_run
qbft,30,5,18,winner_wait,7425,0,per_run
qbft,30,5,19,announce_wait,281,0,per_run
qbft,30,5,19,bid_sending,3060,0,per_run
qbft,30,5,19,winner_wait,7264,0,per_run
qbft,30,5,2,announce_wait,4913,0,per_run
qbft,30,5,2,bid_sending,4190,0,per_run
qbft,30,5,2,winner_wait,6988,0,per_run
qbft,30,5,20,announce_wait,4711,0,per_run
qbft,30,5,20,bid_sending,2956,0,per_run
qbft,30,5,20,winner_wait,7826,0,per_run
qbft,30,5,3,announce_wait,425,0,per_run
qbft,30,5,3,bid_sending,3599,0,per_run
qbft,30,5,3,winner_wait,6807,0,per_run
qbft,30,5,4,announce_wait,354,0,per_run
qbft,30,5,4,bid_sending,3322,0,per_run
qbft,30,5,4,winner_wait,7031,0,per_run
qbft,30,5,5,announce_wait,311,0,per_run
qbft,30,5,5,bid_sending,3642,0,per_run
qbft,30,5,5,winner_wait,6218,0,per_run
qbft,30,5,6,announce_wait,328,0,per_run
qbft,30,5,6,bid_sending,3566,0,per_run
qbft,30,5,6,winner_wait,6489,0,per_run
qbft,30,5,7,announce_wait,361,1,per_run
qbft,30,5,7,bid_sending,3387,1,per_run
qbft,30,5,7,winner_wait,6513,1,per_run
qbft,30,5,7,confirm_all,22088,1,per_run
qbft,30,5,8,announce_wait,324,0,per_run
qbft,30,5,8,bid_sending,3161,0,per_run
qbft,30,5,8,winner_wait,7033,0,per_run
qbft,30,5,9,announce_wait,339,1,per_run
qbft,30,5,9,bid_sending,2941,1,per_run
qbft,30,5,9,winner_wait,7166,1,per_run
qbft,30,5,9,confirm_all,20519,1,per_run
qbft,30,6,1,announce_wait,444,0,per_run
qbft,30,6,1,bid_sending,4207,0,per_run
qbft,30,6,1,winner_wait,10418,0,per_run
qbft,30,6,10,announce_wait,284,0,per_run
qbft,30,6,10,bid_sending,2922,0,per_run
qbft,30,6,10,winner_wait,7498,0,per_run
qbft,30,6,11,announce_wait,459,1,per_run
qbft,30,6,11,bid_sending,2925,1,per_run
qbft,30,6,11,winner_wait,7588,1,per_run
qbft,30,6,11,confirm_all,22734,1,per_run
qbft,30,6,12,announce_wait,383,0,per_run
qbft,30,6,12,bid_sending,3044,0,per_run
qbft,30,6,12,winner_wait,7161,0,per_run
qbft,30,6,13,announce_wait,296,1,per_run
qbft,30,6,13,bid_sending,3383,1,per_run
qbft,30,6,13,winner_wait,6782,1,per_run
qbft,30,6,13,confirm_all,22742,1,per_run
qbft,30,6,14,announce_wait,315,0,per_run
qbft,30,6,14,bid_sending,3147,0,per_run
qbft,30,6,14,winner_wait,7326,0,per_run
qbft,30,6,15,announce_wait,4572,0,per_run
qbft,30,6,15,bid_sending,3148,0,per_run
qbft,30,6,15,winner_wait,7794,0,per_run
qbft,30,6,16,announce_wait,331,1,per_run
qbft,30,6,16,bid_sending,2665,1,per_run
qbft,30,6,16,winner_wait,7569,1,per_run
qbft,30,6,16,confirm_all,21229,1,per_run
qbft,30,6,17,announce_wait,362,0,per_run
qbft,30,6,17,bid_sending,3580,0,per_run
qbft,30,6,17,winner_wait,6629,0,per_run
qbft,30,6,18,announce_wait,274,0,per_run
qbft,30,6,18,bid_sending,2923,0,per_run
qbft,30,6,18,winner_wait,7593,0,per_run
qbft,30,6,19,announce_wait,318,0,per_run
qbft,30,6,19,bid_sending,3244,0,per_run
qbft,30,6,19,winner_wait,6814,0,per_run
qbft,30,6,2,announce_wait,4858,0,per_run
qbft,30,6,2,bid_sending,4007,0,per_run
qbft,30,6,2,winner_wait,7093,0,per_run
qbft,30,6,20,announce_wait,4681,0,per_run
qbft,30,6,20,bid_sending,3002,0,per_run
qbft,30,6,20,winner_wait,8001,0,per_run
qbft,30,6,3,announce_wait,409,0,per_run
qbft,30,6,3,bid_sending,3491,0,per_run
qbft,30,6,3,winner_wait,6936,0,per_run
qbft,30,6,4,announce_wait,343,0,per_run
qbft,30,6,4,bid_sending,3237,0,per_run
qbft,30,6,4,winner_wait,7277,0,per_run
qbft,30,6,5,announce_wait,362,0,per_run
qbft,30,6,5,bid_sending,3580,0,per_run
qbft,30,6,5,winner_wait,6629,0,per_run
qbft,30,6,6,announce_wait,349,0,per_run
qbft,30,6,6,bid_sending,3247,0,per_run
qbft,30,6,6,winner_wait,6856,0,per_run
qbft,30,6,7,announce_wait,379,0,per_run
qbft,30,6,7,bid_sending,3217,0,per_run
qbft,30,6,7,winner_wait,7010,0,per_run
qbft,30,6,8,announce_wait,358,0,per_run
qbft,30,6,8,bid_sending,2870,0,per_run
qbft,30,6,8,winner_wait,7305,0,per_run
qbft,30,6,9,announce_wait,290,0,per_run
qbft,30,6,9,bid_sending,2979,0,per_run
qbft,30,6,9,winner_wait,7277,0,per_run
